{
    "accuracy": 0.6047339757017176,
    "roc_auc_score": 0.8183801557997225
}