,precision,recall,f1-score,support
low,0.8409090909090909,0.7570332480818415,0.7967698519515478,1955.0
mid,0.5323549032688459,0.49534450651769085,0.5131832797427652,1611.0
high,0.4311377245508982,0.508577194752775,0.46666666666666673,991.0
lux,0.30346820809248554,0.4838709677419355,0.37300177619893427,217.0
